Firma,Strona,Kontakt (mail lub telefon),Skąd mam kontakt,Data wysłania,Kanał,Odpowiedź,Następny krok,Termin następnego kroku,Notatki
Przykład: Blaszaki XYZ,blaszaki-xyz.pl,biuro@blaszaki-xyz.pl,grupa FB Garaże blaszane,2026-08-21,mail,brak,ponowić za tydzień,2026-08-28,mają galerię zdjęć bez wymiarów wnętrza
,,,,,,,,,
,,,,,,,,,
,,,,,,,,,
,,,,,,,,,
,,,,,,,,,
,,,,,,,,,
,,,,,,,,,
,,,,,,,,,
,,,,,,,,,
,,,,,,,,,
,,,,,,,,,
,,,,,,,,,
,,,,,,,,,
,,,,,,,,,
,,,,,,,,,
,,,,,,,,,
,,,,,,,,,
,,,,,,,,,
,,,,,,,,,
